Title,Company,Location,Category,Created,Description,URL
AI Intern- Software Engineering,Maximus,"Flushing, Queens",IT Jobs,2025-03-15T01:38:42Z,"Description & Requirements Position Overview : We are seeking a highly motivated AI Intern to join our team. The ideal candidate will have a strong background in data analysis, proficiency in programming languages, and experience with AI technologies. This role offers the opportunity to work on real world projects, collaborate with industry experts, and contribute to the development of innovative AI solutions. Essential Duties and Responsibilities: - Work on IT assignments of moderate difficult…",https://www.adzuna.com/land/ad/5094722412?se=kDYS_6wQ8BGvcpUxT3cHCQ&utm_medium=api&utm_source=17ef27d3&v=0CF225C3FD237011E86BBD4442EDC750B3B14BCF
AI Intern- Software Engineering,Maximus,"New York City, New York",IT Jobs,2025-03-15T01:38:44Z,"Description & Requirements Position Overview : We are seeking a highly motivated AI Intern to join our team. The ideal candidate will have a strong background in data analysis, proficiency in programming languages, and experience with AI technologies. This role offers the opportunity to work on real world projects, collaborate with industry experts, and contribute to the development of innovative AI solutions. Essential Duties and Responsibilities: - Work on IT assignments of moderate difficult…",https://www.adzuna.com/land/ad/5094722661?se=kDYS_6wQ8BGvcpUxT3cHCQ&utm_medium=api&utm_source=17ef27d3&v=861175FABBCD8FC448E181A672D98A62B205C81D
AI Intern- Software Engineering,Maximus,"Jersey City, Hudson County",IT Jobs,2025-03-15T01:38:44Z,"Description & Requirements Position Overview : We are seeking a highly motivated AI Intern to join our team. The ideal candidate will have a strong background in data analysis, proficiency in programming languages, and experience with AI technologies. This role offers the opportunity to work on real world projects, collaborate with industry experts, and contribute to the development of innovative AI solutions. Essential Duties and Responsibilities: - Work on IT assignments of moderate difficult…",https://www.adzuna.com/land/ad/5094722653?se=kDYS_6wQ8BGvcpUxT3cHCQ&utm_medium=api&utm_source=17ef27d3&v=C6F1371A2000461F7A9B2AB9669D4E5BDA21649F
Political Consulting Intern,Elevation Strategies,"Manhattan, New York City","PR, Advertising & Marketing Jobs",2024-11-13T12:35:26Z,"Are you looking for an internship opportunity that will give you a deep understanding of New York City Politics, and help you start your political career? If so, the Elevation Strategies Political Consulting Internship is for you Elevation Strategies is a minority owned up and coming political firm that supports progressive candidates in New York City. We offer technical support to candidates in all five boroughs and in every level of local government through social media, field voter outreach,…",https://www.adzuna.com/details/4937759055?utm_medium=api&utm_source=17ef27d3
Product Manager Intern,Kinetik,"Queens, New York City",IT Jobs,2025-03-31T22:25:52Z,"Kinetik is a high-growth healthcare technology company reshaping the severely fragmented healthcare transportation industry. We equip health insurances, brokers, and providers with our suite of products and solutions that are proven to increase efficiency, transparency, and interoperability. About the Product Manager Intern Role: We are seeking a driven and analytical Product Manager Intern to join our product team this summer. As a Product Manager Intern, this person will have the opportunity …",https://www.adzuna.com/details/5120685618?utm_medium=api&utm_source=17ef27d3
Political Consulting Internship,"The Advance Group, Inc.","Bronx, New York City",Admin Jobs,2025-03-25T13:26:52Z,"The Advance Group’s internship program is a unique opportunity to learn about consulting and political campaigns from the ground up. Interns who prove themselves through their work at The Advance Group will have the opportunity to interact directly with clients and will gain invaluable experience and long-term relationships in the business. Our interns have gone on to work for elected officials, think tanks, the media and government agencies. For those that are able to participate in person, we…",https://www.adzuna.com/land/ad/5110703153?se=4onfCa0Q8BGcNnilB7aCew&utm_medium=api&utm_source=17ef27d3&v=02083A24B6C3A1EB75E57E9DACA85B89DBC25510
Political Consulting Internship,"The Advance Group, Inc.","New York City, New York",Admin Jobs,2025-03-18T08:09:11Z,"The Advance Group’s internship program is a unique opportunity to learn about consulting and political campaigns from the ground up. Interns who prove themselves through their work at The Advance Group will have the opportunity to interact directly with clients and will gain invaluable experience and long-term relationships in the business. Our interns have gone on to work for elected officials, think tanks, the media and government agencies. For those that are able to participate in person, we…",https://www.adzuna.com/land/ad/5098703354?se=4onfCa0Q8BGcNnilB7aCew&utm_medium=api&utm_source=17ef27d3&v=35F6E80202E07B882B0D336EB75A557C74EDFC8D
Political Consulting Internship,"The Advance Group, Inc.","Jersey City, Hudson County",Admin Jobs,2024-03-22T16:54:04Z,"The Advance Group’s internship program is a unique opportunity to learn about consulting and political campaigns from the ground up. Interns who prove themselves through their work at The Advance Group will have the opportunity to interact directly with clients and will gain invaluable experience and long-term relationships in the business. Our interns have gone on to work for elected officials, think tanks, the media and government agencies. For those that are able to participate in person, we…",https://www.adzuna.com/land/ad/4620620794?se=4onfCa0Q8BGcNnilB7aCew&utm_medium=api&utm_source=17ef27d3&v=66B4B3E7642826E6907D038F6572169B49DD47D4
2025 Summer Internship - Software Developer (DV Energy),DV Trading,"New York City, New York",IT Jobs,2025-03-24T13:29:34Z,"Job Description Job Description About Us : Founded more than 15 years ago and headquartered in Chicago, the DV Group of financial services firms has grown to more than 450 people operating throughout North America and in Europe. Since spinning out of a large brokerage firm in 2016, DV Trading has rapidly scaled as an independent proprietary trading firm utilizing its own capital, trading strategies, and risk management methodologies to provide liquidity to worldwide financial markets and hedgin…",https://www.adzuna.com/land/ad/5108975353?se=4onfCa0Q8BGcNnilB7aCew&utm_medium=api&utm_source=17ef27d3&v=B4CA6A78CC534E7481A13CE75819A756D0D823B4
Market Access Consulting Internship,Precision Medicine Group,"Grand Central, Manhattan",Consultancy Jobs,2025-01-26T17:02:34Z,"Market Access Consulting Internship at Precision Medicine Group (View all jobs) New York, NY, USA Precision AQ is an award-winning global healthcare market access consultancy. We provide our clients with unified health economics and outcomes research, global pricing, access strategy and analytics, payer and physician pull-through, and data management. We provide powerful strategic thinking and research skills to positively impact payer and purchaser decision-making, which allows organizations t…",https://www.adzuna.com/land/ad/5024997138?se=4onfCa0Q8BGcNnilB7aCew&utm_medium=api&utm_source=17ef27d3&v=12007A561E1004322F8FCA04322A06670991C6DC
Credit Product - Research Internship - Summer 2025,CME Group,"New York City, New York",Accounting & Finance Jobs,2025-04-01T19:18:17Z,"CME Group is currently looking for a Credit Product - Research Intern This candidate will assist the Credit Product team with analyzing credit documentation, presenting video conference instructions on credit system access for credit staff and creating documentation on potential system improvements. Principal Accountabilities: Review Credit Risk Paper and understand CMEG risk systems and ensure correctness Reformat and suggest more consumable content for presentation to senior management Gain l…",https://www.adzuna.com/land/ad/5123016846?se=4onfCa0Q8BGcNnilB7aCew&utm_medium=api&utm_source=17ef27d3&v=B5933346B6036E93722D21AF71791CE59BB539A1
Production Internship,Gradient Experience,"Chelsea and Clinton, Manhattan","PR, Advertising & Marketing Jobs",2024-09-28T10:38:08Z,"The Company: NYC based Experiential Marketing Agency is seeking the perfect fit for our team. We are fast paced, creatively led, high-end experiential marketing firm with clients in the spirits, fashion, film and luxury industries. The Opportunity: Gradient is in search of a US based Production Intern starting in April to work alongside our Production Team - the team that manages and executes all of our in real life activations and events. These positions are paid $1,500 per month and ideal for…",https://www.adzuna.com/details/4880388037?utm_medium=api&utm_source=17ef27d3
Product Designer Internship,Ramp,"New York City, New York",IT Jobs,2025-01-25T06:23:15Z,"About Ramp Ramp is a financial operations platform designed to save businesses time and money. Combining corporate cards with expense management, bill payments, vendor management, accounting automation, and more, Ramp's all-in-one solution frees finance teams to do the best work of their lives. More than 30,000 companies, from family-owned farms to e-commerce giants to space startups, have saved $1B and 10M hours with Ramp. Founded in 2019, Ramp powers the fastest-growing corporate card and bil…",https://www.adzuna.com/details/5023872684?utm_medium=api&utm_source=17ef27d3
Software Engineer - Internship,SeatGeek,"New York City, New York",IT Jobs,2025-03-26T00:51:05Z,"SeatGeek believes live events are powerful experiences that unite humans. With our technological savvy and fan-first attitude we’re simplifying and modernizing the ticketing industry. By catering to both consumers and enterprises, we’re powering a new, open entertainment ecosystem where fans have effortless access to experiences, and teams, venues, and shows have seamless access to their audiences. Because everyone should expect more from ticketing. Open roles for interns We are looking for the…",https://www.adzuna.com/details/5111672489?utm_medium=api&utm_source=17ef27d3
Software Engineer - Internship,SeatGeek,"Grand Central, Manhattan",IT Jobs,2025-03-23T11:35:51Z,"SeatGeek believes live events are powerful experiences that unite humans. With our technological savvy and fan-first attitude we're simplifying and modernizing the ticketing industry. By catering to both consumers and enterprises, we're powering a new, open entertainment ecosystem where fans have effortless access to experiences, and teams, venues, and shows have seamless access to their audiences. Because everyone should expect more from ticketing. Open roles for interns We are looking for the…",https://www.adzuna.com/details/5107842091?utm_medium=api&utm_source=17ef27d3
Paid internship Business Advisory,Mind Friend,"New York City, New York",Consultancy Jobs,2025-03-22T07:04:11Z,"Website: https://mindfriendpro.com/ linkedin : https://www.linkedin.com/company/mindfriendpro About Mind Friend At Mind Friend Pro, we specialize in bridging the gap between psychological expertise and business needs. Our company was founded on the belief that understanding human behavior is key to resolving business challenges. We provide businesses with access to a diverse pool of psychologists who are experts in various fields such as conflict resolution, HR, negotiation, and more. Our goal …",https://www.adzuna.com/details/5106245715?utm_medium=api&utm_source=17ef27d3
Business Consulting Internship in Bali,EX Venture,"Prince, Manhattan",Consultancy Jobs,2025-04-02T09:51:23Z,"Location : Bali, Indonesia Internship Title : Business Consulting Intern Headline : ""Transform Your Future in Bali Join Us as a Business Consulting Intern at EX Venture Academy "" Description : Are you ready to embark on a journey that will elevate your career while soaking in Bali's breathtaking beauty? EX Venture Academy is thrilled to offer a unique Business Consulting Internship that blends hands-on experience with the stunning cultural backdrop of Indonesia. This 4 to 6-month unpaid interns…",https://www.adzuna.com/details/5124227902?utm_medium=api&utm_source=17ef27d3
Business Consulting Internship in Bali,EX Venture Inc.,"New York City, New York",Consultancy Jobs,2025-03-26T18:55:45Z,"Location : Bali, Indonesia Internship Title : Business Consulting Intern Headline : ""Transform Your Future in Bali Join Us as a Business Consulting Intern at EX Venture Academy "" Description : Are you ready to embark on a journey that will elevate your career while soaking in Bali's breathtaking beauty? EX Venture Academy is thrilled to offer a unique Business Consulting Internship that blends hands-on experience with the stunning cultural backdrop of Indonesia. This 4 to 6-month unpaid interns…",https://www.adzuna.com/details/5112756096?utm_medium=api&utm_source=17ef27d3
Media Production Summer Internship,Marquee Brands,"Chelsea and Clinton, Manhattan",Creative & Design Jobs,2025-03-23T21:54:30Z,"Media Production Summer Internship – New York, NY (Hybrid) Marquee Brands Marquee owns and manages a portfolio of established global brands across consumer products and channels from luxury goods to sports and active apparel. Marquee’s team of professionals is focused on a commitment to drive organic growth through natural brand extensions, impactful marketing and direct consumer engagement. Our promise is to ensure our brands continue their storied success through relevant product, expanded re…",https://www.adzuna.com/details/5108244566?utm_medium=api&utm_source=17ef27d3
Summer Internship - Product Development,Mutual of America Financial Group,"Franklin D Roosevelt, Manhattan",Customer Services Jobs,2025-03-24T00:03:46Z,"Mutual of America Financial Group Job Title: Summer Internship Program – Product Development Location: New York, NY Start Date: Monday June 23, 2025 End Date: Friday August 1, 2025 Who We Are: At Mutual of America Financial Group, we help people build the assets they need to achieve greater financial security. Our Company is built upon a solid foundation of integrity, excellence, and social responsibility. We were founded in 1945 to provide small and mid-sized nonprofit organizations with pensi…",https://www.adzuna.com/details/5108313021?utm_medium=api&utm_source=17ef27d3
Startup Software Developer Internship,Zenly,"New York City, New York",IT Jobs,2024-08-07T08:24:39Z,"ABOUT US Zenly is a real estate tech startup, where you can watch video tours of apartments and rent online without a broker. We are providing transparency and making the apartment renting experience more Zen For more information, see www.zenly.com JOB DESCRIPTION We're looking for an ambitious student to join as a summer intern (with the possibility to start in the spring and continue through the fall). Intern will work closely with the company founders and receive real-world experience in dev…",https://www.adzuna.com/details/4814637732?utm_medium=api&utm_source=17ef27d3
Software Engineer Internship | Frontend,RAMP,"Grand Central, Manhattan",IT Jobs,2025-03-04T15:59:48Z,"About Ramp Ramp is a financial operations platform designed to save businesses time and money. Combining corporate cards with expense management, bill payments, vendor management, accounting automation, and more, Ramp's all-in-one solution frees finance teams to do the best work of their lives. More than 30,000 companies, from family-owned farms to e-commerce giants to space startups, have saved $1B and 10M hours with Ramp. Founded in 2019, Ramp powers the fastest-growing corporate card and bil…",https://www.adzuna.com/details/5075635801?utm_medium=api&utm_source=17ef27d3
Software Engineer Internship | Frontend,Ramp,"New York City, New York",IT Jobs,2024-08-07T08:29:48Z,"About Ramp Ramp is a financial operations platform designed to save businesses time and money. Combining corporate cards with expense management, bill payments, vendor management, accounting automation, and more, Ramp's all-in-one solution frees finance teams to do the best work of their lives. More than 30,000 companies, from family-owned farms to e-commerce giants to space startups, have saved $1B and 10M hours with Ramp. Founded in 2019, Ramp powers the fastest-growing corporate card and bil…",https://www.adzuna.com/details/4814663851?utm_medium=api&utm_source=17ef27d3
Software Engineer Internship | Backend,Ramp,"New York City, New York",IT Jobs,2025-03-18T22:22:44Z,"About Ramp Ramp is a financial operations platform designed to save businesses time and money. Combining corporate cards with expense management, bill payments, vendor management, accounting automation, and more, Ramp's all-in-one solution frees finance teams to do the best work of their lives. More than 30,000 companies, from family-owned farms to e-commerce giants to space startups, have saved $1B and 10M hours with Ramp. Founded in 2019, Ramp powers the fastest-growing corporate card and bil…",https://www.adzuna.com/details/5100170325?utm_medium=api&utm_source=17ef27d3
Summer 2025 Internship - Creative Production,Rag & Bone,"New York City, New York",Creative & Design Jobs,2025-02-03T16:48:24Z,"Summer 2025 Internship – Creative Production About rag & bone From our origins in New York in 2002, rag & bone was founded on a belief of uncompromising ideals: a commitment to doing things the right way, not the easy way. To making things that are as original as they are timeless. To being true to ourselves, even when that truth sets us apart from the mainstream. We still believe in the same principles we started with: the easy elegance of classic British tailoring, the authenticity of America…",https://www.adzuna.com/details/5035664142?utm_medium=api&utm_source=17ef27d3
Paid Production Internship (Summer 2025),Loveshackfancy,"Prince, Manhattan",Creative & Design Jobs,2025-04-02T02:23:47Z,"Internship Description ABOUT LOVESHACKFANCY LoveShackFancy began in 2013 with a beach-to-ballroom hand-dyed halter dress that founder and creative director Rebecca Hessel Cohen made for her bridal party. Over time, that one article of clothing, created to celebrate love, has turned into a world filled with all things romantic, dreamy and drenched in optimism — from clothing to tabletop, bedding, swim, ski, travel accessories, shoes and more. ROLE OVERVIEW We are looking for college students int…",https://www.adzuna.com/details/5123644586?utm_medium=api&utm_source=17ef27d3
Summer 2025 Internship - Creative Production,Rag & Bone,"Upper East Side, Manhattan",Creative & Design Jobs,2025-02-07T13:09:58Z,"Summer 2025 Internship – Creative Production About rag & bone From our origins in New York in 2002, rag & bone was founded on a belief of uncompromising ideals: a commitment to doing things the right way, not the easy way. To making things that are as original as they are timeless. To being true to ourselves, even when that truth sets us apart from the mainstream. We still believe in the same principles we started with: the easy elegance of classic British tailoring, the authenticity of America…",https://www.adzuna.com/details/5041708574?utm_medium=api&utm_source=17ef27d3
Software Engineer Internship (Summer 2025),Tandem,"New York City, New York",Engineering Jobs,2024-09-10T06:53:44Z,"Why you should join us Tandem is a generational opportunity to rethink how we bring new therapies to market, and our path to doing so is significantly de-risked – we have: Exponential organic growth: We have product-market fit and are growing rapidly through word-of-mouth. Tandem supports thousands of patients every week and is doubling physician user count every month. We will reach millions by 2025. An AI-first business model: Our approach is distinctly enabled by AI, but our business will ge…",https://www.adzuna.com/details/4858818762?utm_medium=api&utm_source=17ef27d3
Software Engineering Internship (Summer 2025),Moab,"New York City, New York",IT Jobs,2025-02-06T09:24:50Z,"About the company Moab is a seed stage company founded by early employees of Ramp and Uber. We're funded by a top Bay Area venture firm and a leading industry-focused venture firm. Moab is building heavy equipment rental and dealer management software with the aim to automate all aspects of running these businesses - including managing inventory, orders, billing, service, repair, dispatch, and accounting. The equipment dealer and rental market is an integral part of the multi-trillion dollar co…",https://www.adzuna.com/details/5039902973?utm_medium=api&utm_source=17ef27d3
The Apollo Theater Academy Theater Production Internship,"Apollo Theater Foundation, Inc.","New York City, New York",Healthcare & Nursing Jobs,2025-03-31T21:54:58Z,"The Apollo Theater Academy Theater Production Internship provides high school students with opportunities for professional and personal development as they explore careers in Technical Theater Production. Interns learn how to apply technical elements of theater such as audio engineering, lighting design, production design/ carpentry and videography, to live and recorded stage productions. Over six (6) weeks, interns are trained by and assigned to work with members of The Apollo’s production cre…",https://www.adzuna.com/details/5120639634?utm_medium=api&utm_source=17ef27d3
"Summer 2025 Internship - Product Development, Footwear & Accessories",Rag & Bone,"New York City, New York",Accounting & Finance Jobs,2025-02-04T20:04:53Z,"Summer 2025 Internship – Product Development, Footwear & Accessories About rag & bone From our origins in New York in 2002, rag & bone was founded on a belief of uncompromising ideals: a commitment to doing things the right way, not the easy way. To making things that are as original as they are timeless. To being true to ourselves, even when that truth sets us apart from the mainstream. We still believe in the same principles we started with: the easy elegance of classic British tailoring, the…",https://www.adzuna.com/details/5037912937?utm_medium=api&utm_source=17ef27d3
"Summer 2025 Internship - Product Development, Footwear & Accessories",Rag & Bone,"Upper East Side, Manhattan",Accounting & Finance Jobs,2025-02-07T07:21:49Z,"Summer 2025 Internship – Product Development, Footwear & Accessories About rag & bone From our origins in New York in 2002, rag & bone was founded on a belief of uncompromising ideals: a commitment to doing things the right way, not the easy way. To making things that are as original as they are timeless. To being true to ourselves, even when that truth sets us apart from the mainstream. We still believe in the same principles we started with: the easy elegance of classic British tailoring, the…",https://www.adzuna.com/details/5041151169?utm_medium=api&utm_source=17ef27d3
2025 Summer Internship - Software Developer (DV Energy),DV Trading,"New York City, New York",IT Jobs,2024-08-31T06:02:28Z,"About Us : Founded more than 15 years ago and headquartered in Chicago, the DV Group of financial services firms has grown to more than 450 people operating throughout North America and in Europe. Since spinning out of a large brokerage firm in 2016, DV Trading has rapidly scaled as an independent proprietary trading firm utilizing its own capital, trading strategies, and risk management methodologies to provide liquidity to worldwide financial markets and hedging opportunities to commodity pro…",https://www.adzuna.com/details/4845954956?utm_medium=api&utm_source=17ef27d3
Production/Product Development Intern - Summer 2025 Internship Program,Centric Brands,"Gramercy Park and Murray Hill, Manhattan","PR, Advertising & Marketing Jobs",2024-11-26T11:03:41Z,"SUMMER 202 5 INTERNSHIP PROGRAM Centric Brands is a leading global lifestyle brand collective, managing a portfolio of 100 licensed and owned brands. With unparalleled expertise in product design, development, sourcing, retail and digital commerce, marketing, and brand building, Centric Brands creates and markets high-quality products across categories, including kids, men’s and women’s apparel, accessories, beauty, sports and entertainment. The Company’s products are available through leading …",https://www.adzuna.com/details/4951844230?utm_medium=api&utm_source=17ef27d3
"Sr Product Manager - Technical, External Services MBA [Internship]",Amazon,"Grand Central, Manhattan",Engineering Jobs,2024-11-21T15:45:34Z,"Description Amazon Web Services (AWS) internships are full-time (40 hours/week) for 12 consecutive weeks during summer. By applying to this position, your application will be considered for all locations we hire for in the United States. The primary role of a Product Manager Technical Products, External Services MBA (PMT-ES MBA) within Amazon Web Services is to assume end-to-end product ownership over one of our technical product offerings. PMT-ES are expected to dive deep into the technology b…",https://www.adzuna.com/details/4947090697?utm_medium=api&utm_source=17ef27d3
S&P Global is hiring: Product Design Internship in New York,S&P Global,"New York City, New York",IT Jobs,2025-03-27T15:25:54Z,"Kensho is S&P Global's hub for AI innovation and transformation. With expertise in Machine Learning and data discovery, we develop and deploy novel solutions for S&P Global and its customers worldwide. Our solutions help businesses harness the power of data and Artificial Intelligence to innovate and drive progress. Kensho's solutions and research focus on speech recognition, entity linking, document extraction, automated database linking, text classification, natural language processing, and m…",https://www.adzuna.com/details/5114431558?utm_medium=api&utm_source=17ef27d3
Product Regulatory & Environmental Affairs Intern (Undergraduate 2025 Summer Internship),LG Electronics,"Englewood Cliffs, Bergen County",Scientific & QA Jobs,2025-03-21T21:40:43Z,"Step into the innovative world of LG Electronics. As a global leader in technology, LG Electronics is dedicated to creating innovative solutions for a better life. Our brand promise, 'Life's Good', embodies our commitment to ensuring a happier life for all. We have a rich history spanning over six decades and a global presence in over 290 locations. Our diverse portfolio includes Home Appliance Solutions, Media Entertainment Solutions, Vehicle Solutions, and Eco Solutions. Our management philos…",https://www.adzuna.com/details/5105529412?utm_medium=api&utm_source=17ef27d3
"Campus Undergraduate - 2025 US Consumer Services Product Development Summer Internship New York, NY",American Express,"Grand Central, Manhattan",Retail Jobs,2025-04-03T11:02:48Z,"Description You Lead the Way. We've Got Your Back. With the right backing, people and businesses have the power to progress in incredible ways. When you join Team Amex, you become part of a global and diverse community of colleagues with an unwavering commitment to back our customers, communities and each other. Here, you'll learn and grow as we help you create a career journey that's unique and meaningful to you with benefits, programs, and flexibility that support you personally and professio…",https://www.adzuna.com/details/5126463907?utm_medium=api&utm_source=17ef27d3
Apparel Production Intern,Los Angeles Apparel,"Los Angeles, Los Angeles County",Creative & Design Jobs,2025-03-13T11:51:11Z,"Job Description Job Description Looking for an intern to support planning, sourcing, and production development. Responsibilities include sample organization, material sourcing, client and subcontractor coordination, and measurement and quality control routines. Your Job: • Use of Google Workspace (Docs, Drive, Sheets) along with Microsoft Office and basic Adobe products. • Bill of Materials (BOM) management. • Coordination of sample and production manufacturing among in-house and subcontractin…",https://www.adzuna.com/land/ad/5091641414?se=QNQ0Fq0Q8BGsyQr5bSZXLA&utm_medium=api&utm_source=17ef27d3&v=BA27A72C2167083CCE77781205953274A8DA843E
Intern - IT Software Engineering,Maximus,"Rancho Cordova, Sacramento County",IT Jobs,2025-02-07T20:01:38Z,"Since 1975, Maximus has operated under its founding mission of Helping Government Serve the People, enabling citizens around the globe to successfully engage with their governments at all levels and across a variety of health and human services programs. Maximus delivers innovative business process management and technology solutions that contribute to improved outcomes for citizens and higher levels of productivity, accuracy, accountability and efficiency of government-sponsored programs. With…",https://www.adzuna.com/land/ad/5042088710?se=QiQBG60Q8BGvcpUxT3cHCQ&utm_medium=api&utm_source=17ef27d3&v=3AFFE9003957F80A87976AFF8DC236CB8217A183
AI Intern- Software Engineering,Maximus,"Sacramento, Sacramento County",IT Jobs,2025-03-15T01:37:12Z,"Description & Requirements Position Overview : We are seeking a highly motivated AI Intern to join our team. The ideal candidate will have a strong background in data analysis, proficiency in programming languages, and experience with AI technologies. This role offers the opportunity to work on real world projects, collaborate with industry experts, and contribute to the development of innovative AI solutions. Essential Duties and Responsibilities: - Work on IT assignments of moderate difficult…",https://www.adzuna.com/land/ad/5094721642?se=QiQBG60Q8BGvcpUxT3cHCQ&utm_medium=api&utm_source=17ef27d3&v=A513AF7312086B08CBBAAA969C43A36774C75116
AI Intern- Software Engineering,Maximus,"Merced, Merced County",IT Jobs,2025-03-31T19:13:57Z,"Description & Requirements Position Overview : We are seeking a highly motivated AI Intern to join our team. The ideal candidate will have a strong background in data analysis, proficiency in programming languages, and experience with AI technologies. This role offers the opportunity to work on real world projects, collaborate with industry experts, and contribute to the development of innovative AI solutions. Essential Duties and Responsibilities: - Work on IT assignments of moderate difficult…",https://www.adzuna.com/land/ad/5120483700?se=QiQBG60Q8BGvcpUxT3cHCQ&utm_medium=api&utm_source=17ef27d3&v=9374C54548F652780B0EB68194C08F6D87732735
AI Intern- Software Engineering,Maximus,"San Jose, Santa Clara County",IT Jobs,2025-03-15T01:37:12Z,"Description & Requirements Position Overview : We are seeking a highly motivated AI Intern to join our team. The ideal candidate will have a strong background in data analysis, proficiency in programming languages, and experience with AI technologies. This role offers the opportunity to work on real world projects, collaborate with industry experts, and contribute to the development of innovative AI solutions. Essential Duties and Responsibilities: - Work on IT assignments of moderate difficult…",https://www.adzuna.com/land/ad/5094721679?se=QiQBG60Q8BGvcpUxT3cHCQ&utm_medium=api&utm_source=17ef27d3&v=24FAA20FB493AC81FEBD248821395CF4EBB13ED3
AI Intern- Software Engineering,Maximus,"Pomona, Los Angeles County",IT Jobs,2025-03-15T01:37:11Z,"Description & Requirements Position Overview : We are seeking a highly motivated AI Intern to join our team. The ideal candidate will have a strong background in data analysis, proficiency in programming languages, and experience with AI technologies. This role offers the opportunity to work on real world projects, collaborate with industry experts, and contribute to the development of innovative AI solutions. Essential Duties and Responsibilities: - Work on IT assignments of moderate difficult…",https://www.adzuna.com/land/ad/5094721418?se=QiQBG60Q8BGvcpUxT3cHCQ&utm_medium=api&utm_source=17ef27d3&v=ED27818F6EE60217EC87C1A5A029B4F59CB9110C
AI Intern- Software Engineering,Maximus,"Bakersfield, Kern County",IT Jobs,2025-03-15T01:37:12Z,"Description & Requirements Position Overview : We are seeking a highly motivated AI Intern to join our team. The ideal candidate will have a strong background in data analysis, proficiency in programming languages, and experience with AI technologies. This role offers the opportunity to work on real world projects, collaborate with industry experts, and contribute to the development of innovative AI solutions. Essential Duties and Responsibilities: - Work on IT assignments of moderate difficult…",https://www.adzuna.com/land/ad/5094721620?se=QiQBG60Q8BGvcpUxT3cHCQ&utm_medium=api&utm_source=17ef27d3&v=E07C7CDD4B5673CF707D0B1CC0F312307EC24FD7
AI Intern- Software Engineering,Maximus,"Los Angeles, Los Angeles County",IT Jobs,2025-03-15T01:38:43Z,"Description & Requirements Position Overview : We are seeking a highly motivated AI Intern to join our team. The ideal candidate will have a strong background in data analysis, proficiency in programming languages, and experience with AI technologies. This role offers the opportunity to work on real world projects, collaborate with industry experts, and contribute to the development of innovative AI solutions. Essential Duties and Responsibilities: - Work on IT assignments of moderate difficult…",https://www.adzuna.com/land/ad/5094722577?se=QiQBG60Q8BGvcpUxT3cHCQ&utm_medium=api&utm_source=17ef27d3&v=21F3108198D3CC295AF7DD4DE862B1851CE42638
AI Intern- Software Engineering,Maximus,"Fresno, Fresno County",IT Jobs,2025-03-15T01:37:11Z,"Description & Requirements Position Overview : We are seeking a highly motivated AI Intern to join our team. The ideal candidate will have a strong background in data analysis, proficiency in programming languages, and experience with AI technologies. This role offers the opportunity to work on real world projects, collaborate with industry experts, and contribute to the development of innovative AI solutions. Essential Duties and Responsibilities: - Work on IT assignments of moderate difficult…",https://www.adzuna.com/land/ad/5094721431?se=QiQBG60Q8BGvcpUxT3cHCQ&utm_medium=api&utm_source=17ef27d3&v=1521096A7DDCF5B08F4D52760128884983CDEADB
AI Intern- Software Engineering,Maximus,"Arcata, Humboldt County",IT Jobs,2025-03-31T19:13:57Z,"Description & Requirements Position Overview : We are seeking a highly motivated AI Intern to join our team. The ideal candidate will have a strong background in data analysis, proficiency in programming languages, and experience with AI technologies. This role offers the opportunity to work on real world projects, collaborate with industry experts, and contribute to the development of innovative AI solutions. Essential Duties and Responsibilities: - Work on IT assignments of moderate difficult…",https://www.adzuna.com/land/ad/5120483710?se=QiQBG60Q8BGvcpUxT3cHCQ&utm_medium=api&utm_source=17ef27d3&v=D79B4C54779043D017CD1618C683DC910A317B0A
AI Intern- Software Engineering,Maximus,"San Luis Obispo, San Luis Obispo County",IT Jobs,2025-03-15T01:38:42Z,"Description & Requirements Position Overview : We are seeking a highly motivated AI Intern to join our team. The ideal candidate will have a strong background in data analysis, proficiency in programming languages, and experience with AI technologies. This role offers the opportunity to work on real world projects, collaborate with industry experts, and contribute to the development of innovative AI solutions. Essential Duties and Responsibilities: - Work on IT assignments of moderate difficult…",https://www.adzuna.com/land/ad/5094722436?se=QiQBG60Q8BGvcpUxT3cHCQ&utm_medium=api&utm_source=17ef27d3&v=AEB53F77389460B3A4342B3792E6D4F37F347987
AI Intern- Software Engineering,Maximus,"San Diego, San Diego County",IT Jobs,2025-03-31T19:13:57Z,"Description & Requirements Position Overview : We are seeking a highly motivated AI Intern to join our team. The ideal candidate will have a strong background in data analysis, proficiency in programming languages, and experience with AI technologies. This role offers the opportunity to work on real world projects, collaborate with industry experts, and contribute to the development of innovative AI solutions. Essential Duties and Responsibilities: - Work on IT assignments of moderate difficult…",https://www.adzuna.com/land/ad/5120483705?se=QiQBG60Q8BGvcpUxT3cHCQ&utm_medium=api&utm_source=17ef27d3&v=FC9714BC6E7933774ECF806D2DD97736750A25C2
AI Intern- Software Engineering,Maximus,"Stockton, San Joaquin County",IT Jobs,2025-03-15T01:38:43Z,"Description & Requirements Position Overview : We are seeking a highly motivated AI Intern to join our team. The ideal candidate will have a strong background in data analysis, proficiency in programming languages, and experience with AI technologies. This role offers the opportunity to work on real world projects, collaborate with industry experts, and contribute to the development of innovative AI solutions. Essential Duties and Responsibilities: - Work on IT assignments of moderate difficult…",https://www.adzuna.com/land/ad/5094722548?se=QiQBG60Q8BGvcpUxT3cHCQ&utm_medium=api&utm_source=17ef27d3&v=94213EA7EF9C9A432F5C81A53AE4018F9733D767
SAP iXp Intern - Software/ML Engineer,SAP,"San Ramon, Contra Costa County",IT Jobs,2025-03-21T01:51:24Z,"We help the world run better At SAP, we enable you to bring out your best. Our company culture is focused on collaboration and a shared passion to help the world run better. How? We focus every day on building the foundation for tomorrow and creating a workplace that embraces differences, values flexibility, and is aligned to our purpose-driven and future-focused work. We offer a highly collaborative, caring team environment with a strong focus on learning and development, recognition for your …",https://www.adzuna.com/land/ad/5103991186?se=oB85IK0Q8BGcNnilB7aCew&utm_medium=api&utm_source=17ef27d3&v=DEC44B29351D05DB9980C0B95DC9FD17A95FB320
Political Consulting Internship,"The Advance Group, Inc.","Arcata, Humboldt County",Admin Jobs,2025-03-20T14:03:16Z,"The Advance Group’s internship program is a unique opportunity to learn about consulting and political campaigns from the ground up. Interns who prove themselves through their work at The Advance Group will have the opportunity to interact directly with clients and will gain invaluable experience and long-term relationships in the business. Our interns have gone on to work for elected officials, think tanks, the media and government agencies. For those that are able to participate in person, we…",https://www.adzuna.com/land/ad/5103175643?se=yqAMJK0Q8BGvcpUxT3cHCQ&utm_medium=api&utm_source=17ef27d3&v=E2F554EDB0BAF6ACCD5A4637D6A26911006268DD
Political Consulting Internship,"The Advance Group, Inc.","Merced, Merced County",Admin Jobs,2025-03-18T08:09:11Z,"The Advance Group’s internship program is a unique opportunity to learn about consulting and political campaigns from the ground up. Interns who prove themselves through their work at The Advance Group will have the opportunity to interact directly with clients and will gain invaluable experience and long-term relationships in the business. Our interns have gone on to work for elected officials, think tanks, the media and government agencies. For those that are able to participate in person, we…",https://www.adzuna.com/land/ad/5098703388?se=yqAMJK0Q8BGvcpUxT3cHCQ&utm_medium=api&utm_source=17ef27d3&v=BD9569F62DD16156E0E1BD44CA744A599F095F35
Political Consulting Internship,"The Advance Group, Inc.","Stockton, San Joaquin County",Admin Jobs,2024-03-22T16:54:59Z,"The Advance Group’s internship program is a unique opportunity to learn about consulting and political campaigns from the ground up. Interns who prove themselves through their work at The Advance Group will have the opportunity to interact directly with clients and will gain invaluable experience and long-term relationships in the business. Our interns have gone on to work for elected officials, think tanks, the media and government agencies. For those that are able to participate in person, we…",https://www.adzuna.com/land/ad/4620621833?se=yqAMJK0Q8BGvcpUxT3cHCQ&utm_medium=api&utm_source=17ef27d3&v=E3C62AEF74E0588294731B84522FFB525DF28A03
Political Consulting Internship,"The Advance Group, Inc.","San Diego, San Diego County",Admin Jobs,2024-03-22T16:55:08Z,"The Advance Group’s internship program is a unique opportunity to learn about consulting and political campaigns from the ground up. Interns who prove themselves through their work at The Advance Group will have the opportunity to interact directly with clients and will gain invaluable experience and long-term relationships in the business. Our interns have gone on to work for elected officials, think tanks, the media and government agencies. For those that are able to participate in person, we…",https://www.adzuna.com/land/ad/4620622016?se=yqAMJK0Q8BGvcpUxT3cHCQ&utm_medium=api&utm_source=17ef27d3&v=60213A228750E253952381F49C1888F031D2E1B5
Political Consulting Internship,"The Advance Group, Inc.","Fresno, Fresno County",Admin Jobs,2024-03-22T16:54:04Z,"The Advance Group’s internship program is a unique opportunity to learn about consulting and political campaigns from the ground up. Interns who prove themselves through their work at The Advance Group will have the opportunity to interact directly with clients and will gain invaluable experience and long-term relationships in the business. Our interns have gone on to work for elected officials, think tanks, the media and government agencies. For those that are able to participate in person, we…",https://www.adzuna.com/land/ad/4620620801?se=yqAMJK0Q8BGvcpUxT3cHCQ&utm_medium=api&utm_source=17ef27d3&v=1A241878A9FA9BDF4AA763FEF02C7B35F5F5F6A9
Political Consulting Internship,"The Advance Group, Inc.","San Jose, Santa Clara County",Admin Jobs,2024-03-22T16:53:13Z,"The Advance Group’s internship program is a unique opportunity to learn about consulting and political campaigns from the ground up. Interns who prove themselves through their work at The Advance Group will have the opportunity to interact directly with clients and will gain invaluable experience and long-term relationships in the business. Our interns have gone on to work for elected officials, think tanks, the media and government agencies. For those that are able to participate in person, we…",https://www.adzuna.com/land/ad/4620619763?se=yqAMJK0Q8BGvcpUxT3cHCQ&utm_medium=api&utm_source=17ef27d3&v=DF2C2398625DA89BD8C2155FD55B6E06865F6BB1
Political Consulting Internship,"The Advance Group, Inc.","Sacramento, Sacramento County",Admin Jobs,2024-03-22T16:54:59Z,"The Advance Group’s internship program is a unique opportunity to learn about consulting and political campaigns from the ground up. Interns who prove themselves through their work at The Advance Group will have the opportunity to interact directly with clients and will gain invaluable experience and long-term relationships in the business. Our interns have gone on to work for elected officials, think tanks, the media and government agencies. For those that are able to participate in person, we…",https://www.adzuna.com/land/ad/4620621836?se=yqAMJK0Q8BGvcpUxT3cHCQ&utm_medium=api&utm_source=17ef27d3&v=8A5EC615F6844EF1B39017471A66169F6F4A4D85
Political Consulting Internship,"The Advance Group, Inc.","Los Angeles, Los Angeles County",Admin Jobs,2024-03-22T16:54:59Z,"The Advance Group’s internship program is a unique opportunity to learn about consulting and political campaigns from the ground up. Interns who prove themselves through their work at The Advance Group will have the opportunity to interact directly with clients and will gain invaluable experience and long-term relationships in the business. Our interns have gone on to work for elected officials, think tanks, the media and government agencies. For those that are able to participate in person, we…",https://www.adzuna.com/land/ad/4620621828?se=yqAMJK0Q8BGvcpUxT3cHCQ&utm_medium=api&utm_source=17ef27d3&v=DA297583F3BF54C32CEDA270533F9AF8A0F94D0A
Political Consulting Internship,"The Advance Group, Inc.","Chico, Butte County",Admin Jobs,2024-11-14T04:18:09Z,"The Advance Group’s internship program is a unique opportunity to learn about consulting and political campaigns from the ground up. Interns who prove themselves through their work at The Advance Group will have the opportunity to interact directly with clients and will gain invaluable experience and long-term relationships in the business. Our interns have gone on to work for elected officials, think tanks, the media and government agencies. For those that are able to participate in person, we…",https://www.adzuna.com/land/ad/4938762306?se=yqAMJK0Q8BGvcpUxT3cHCQ&utm_medium=api&utm_source=17ef27d3&v=B6F1CE59869DB21DAF5ED0B3862C2AC25A8B6CDD
Political Consulting Internship,"The Advance Group, Inc.","San Luis Obispo, San Luis Obispo County",Admin Jobs,2024-03-22T16:54:49Z,"The Advance Group’s internship program is a unique opportunity to learn about consulting and political campaigns from the ground up. Interns who prove themselves through their work at The Advance Group will have the opportunity to interact directly with clients and will gain invaluable experience and long-term relationships in the business. Our interns have gone on to work for elected officials, think tanks, the media and government agencies. For those that are able to participate in person, we…",https://www.adzuna.com/land/ad/4620621702?se=yqAMJK0Q8BGvcpUxT3cHCQ&utm_medium=api&utm_source=17ef27d3&v=853B761027573D9517A033A6A2A01969C2722B68
Political Consulting Internship,"The Advance Group, Inc.","Pomona, Los Angeles County",Admin Jobs,2024-03-22T16:55:00Z,"The Advance Group’s internship program is a unique opportunity to learn about consulting and political campaigns from the ground up. Interns who prove themselves through their work at The Advance Group will have the opportunity to interact directly with clients and will gain invaluable experience and long-term relationships in the business. Our interns have gone on to work for elected officials, think tanks, the media and government agencies. For those that are able to participate in person, we…",https://www.adzuna.com/land/ad/4620621860?se=yqAMJK0Q8BGvcpUxT3cHCQ&utm_medium=api&utm_source=17ef27d3&v=E3CD276710993E095D8605EA021A793A5441545C
Video Production Internship,Monterey Bay Aquarium,"Monterey, Monterey County",Creative & Design Jobs,2025-03-02T22:14:06Z,"Join Our Team The Monterey Bay Aquarium Internship Program (MBAIP) is a rich learning resource for interns and externs, enabling them to partner with the Aquarium in pursuit of our shared DEIA objectives and take our mission to the next level. The MBAIP will provide eligible college, undergraduate, and graduate students with meaningful work experience under the direction of an Aquarium mentor. The MBAIP is outcomes-based, requiring a project report at the conclusion of the program, further docu…",https://www.adzuna.com/details/5071422315?utm_medium=api&utm_source=17ef27d3
Product Marketing Internship,Seek Thermal,"Goleta, Santa Barbara County","PR, Advertising & Marketing Jobs",2025-03-18T21:23:13Z,Internship Description Project & Purpose: The product & marketing team is seeking an intern to help with two primary functions in Q2/Q3 of this year. 1.) Lead Generation a. Research and download contact lists from ZoomInfo b. Organize and execute 1:1 email outreach to generate interest in our Industrial products. c. Create a database of potential customer targets using Google news d. Utilize ChatGPT and other AI tools to write marketing copy e. Research and document AI video generation tools th…,https://www.adzuna.com/details/5100049033?utm_medium=api&utm_source=17ef27d3
Creative Production Internship,Dolls Kill,"Los Angeles, Los Angeles County",Creative & Design Jobs,2025-01-28T08:49:06Z,"About the Internship As a Production Assistant for the creative department, your role is instrumental in facilitating successful shoots and maintaining studio organization. You will collaborate closely with the creative team to ensure seamless productions, assisting in the setup of sets, managing equipment, and coordinating logistics. This role reports to our Producer. Qualifications Daily upkeep, cleanliness, and studio preparedness of all studio sets Build and strike photo/video sets Maintain…",https://www.adzuna.com/details/5026996048?utm_medium=api&utm_source=17ef27d3
Product Marketing Internship,Seek Thermal Inc.,"Goleta, Santa Barbara County","PR, Advertising & Marketing Jobs",2025-04-03T01:46:34Z,Job Description Job Description Description: Project & Purpose: The product & marketing team is seeking an intern to help with two primary functions in Q2/Q3 of this year. 1.) Lead Generation a. Research and download contact lists from ZoomInfo b. Organize and execute 1:1 email outreach to generate interest in our Industrial products. c. Create a database of potential customer targets using Google news d. Utilize ChatGPT and other AI tools to write marketing copy e. Research and document AI vid…,https://www.adzuna.com/details/5125911076?utm_medium=api&utm_source=17ef27d3
Software Engineering Internships,Apple,"Cupertino, Santa Clara County",Engineering Jobs,2025-02-23T09:15:01Z,"Software Engineering Internships United States Students Summary Posted: Jun 07, 2024 Weekly Hours: 40 Role Number: 200554359 Imagine what you could do here. At Apple, extraordinary ideas have a way of becoming phenomenal products, services, and customer experiences very quickly. Bring passion and dedication to your job and there's no telling what you could accomplish. Apple is seeking highly motivated, engineering students with a strong background in either Back-End Engineering, Core OS, Web De…",https://www.adzuna.com/details/5061362798?utm_medium=api&utm_source=17ef27d3
Software Engineer Internship,MobilityWare,"Irvine, Orange County",IT Jobs,2025-02-20T03:59:58Z,"Want to impact the world? We Bring Joy to Others, one game at a time. And by others, we mean tens of millions of players, every single day. You’ll be in the early stages of your journey into excellence. You’ll be looking for a place you can become a hands-on Engineer, using Unity C# for features, ongoing support, and entirely new games. You’ll thrive in a dynamic environment, contributing to the engineering success of dozens of live titles, with more every year. Whatever aspect of engineering y…",https://www.adzuna.com/details/5057332164?utm_medium=api&utm_source=17ef27d3
Internship- On product performance,ASML,"San Jose, Santa Clara County",Scientific & QA Jobs,2025-02-23T23:37:18Z,"Introduction to the job ASML is one of the world’s leading manufacturers of lithography systems that help enable Moore’s Law and the creation of increasingly powerful and capable electronic devices. As part of ASML, we will boost ASML’s holistic lithographic portfolio of (i) lithography exposure systems, (ii) computational lithography and (iii) metrology. Between these three cornerstones ASML offers application products for process window enhancement, control and detection. We are located in th…",https://www.adzuna.com/details/5061723522?utm_medium=api&utm_source=17ef27d3
Robotics Production Internship,Matic,"Mountain View, Santa Clara County",Engineering Jobs,2024-10-28T07:11:14Z,"Overview Matic is bringing families out of the stone age of remarkably dumb disc home robots. Humanity spends 2.5 trillion hours annually on home chores, worth $25 trillion in wasted economic value. We are on a mission to recapture this time and value with fully autonomous, useful, elegant, and affordable Wall-E-esque home robots that families love and cannot fathom their lives without. Our approach In 2017, we observed 200 self-driving car startups and an equal number of industrial robotics st…",https://www.adzuna.com/details/4916550735?utm_medium=api&utm_source=17ef27d3
Business Consulting Internship in Bali,EX Venture,"Potrero Hill, San Francisco",Consultancy Jobs,2025-03-27T21:31:18Z,"Location : Bali, Indonesia Internship Title : Business Consulting Intern Headline : ""Transform Your Future in Bali Join Us as a Business Consulting Intern at EX Venture Academy "" Description : Are you ready to embark on a journey that will elevate your career while soaking in Bali's breathtaking beauty? EX Venture Academy is thrilled to offer a unique Business Consulting Internship that blends hands-on experience with the stunning cultural backdrop of Indonesia. This 4 to 6-month unpaid interns…",https://www.adzuna.com/details/5114715471?utm_medium=api&utm_source=17ef27d3
Summer Production Operations Internship,Jd Food,"Malaga, Fresno County",Manufacturing Jobs,2025-03-06T20:31:15Z,"Job Details Entry Certified Meat Products - Fresno, CA Internship None $16.50 Hourly Any Manufacturing Description Job Description: This internship is an 8–10-week hands-on internship that is heavily engaged in day-to-day production activities. Learning opportunities include gaining a broad understanding of meat processing, potentially including process management, problem-solving, troubleshooting processes, equipment operations, and managing multiple operations within the production system. De…",https://www.adzuna.com/details/5080116302?utm_medium=api&utm_source=17ef27d3
Business Consulting Internship in Bali,EX Venture,"Venice, Los Angeles County",Consultancy Jobs,2025-04-02T03:38:26Z,"Location : Bali, Indonesia Internship Title : Business Consulting Intern Headline : ""Transform Your Future in Bali Join Us as a Business Consulting Intern at EX Venture Academy "" Description : Are you ready to embark on a journey that will elevate your career while soaking in Bali's breathtaking beauty? EX Venture Academy is thrilled to offer a unique Business Consulting Internship that blends hands-on experience with the stunning cultural backdrop of Indonesia. This 4 to 6-month unpaid interns…",https://www.adzuna.com/details/5123760131?utm_medium=api&utm_source=17ef27d3
Business Consulting Internship in Bali,EX Venture Inc.,"San Francisco, California",Consultancy Jobs,2025-03-24T18:54:23Z,"Location : Bali, Indonesia Internship Title : Business Consulting Intern Headline : ""Transform Your Future in Bali Join Us as a Business Consulting Intern at EX Venture Academy "" Description : Are you ready to embark on a journey that will elevate your career while soaking in Bali's breathtaking beauty? EX Venture Academy is thrilled to offer a unique Business Consulting Internship that blends hands-on experience with the stunning cultural backdrop of Indonesia. This 4 to 6-month unpaid interns…",https://www.adzuna.com/details/5109409298?utm_medium=api&utm_source=17ef27d3
Business Consulting Internship in Bali,EX Venture Inc.,"Los Angeles, Los Angeles County",Consultancy Jobs,2025-03-26T18:55:45Z,"Location : Bali, Indonesia Internship Title : Business Consulting Intern Headline : ""Transform Your Future in Bali Join Us as a Business Consulting Intern at EX Venture Academy "" Description : Are you ready to embark on a journey that will elevate your career while soaking in Bali's breathtaking beauty? EX Venture Academy is thrilled to offer a unique Business Consulting Internship that blends hands-on experience with the stunning cultural backdrop of Indonesia. This 4 to 6-month unpaid interns…",https://www.adzuna.com/details/5112756091?utm_medium=api&utm_source=17ef27d3
2025 Summer Internship- Product,Rawlings Sporting Goods Company Inc,"Lake Sherwood, Ventura County",Admin Jobs,2025-01-02T06:15:15Z,"Summer Intern- Product Rawlings Summer Internship Program 2025 Rawlings Sporting Goods provides the finest quality sporting goods equipment and products to the world’s greatest players and to those who simply dream of playing great. As a Rawlings summer intern, you will get the opportunity to make significant contributions to impactful projects in the Sporting Goods industry, while gaining valuable hands-on experience, and collaborating closely with our dynamic team. This internship will take p…",https://www.adzuna.com/details/4995257880?utm_medium=api&utm_source=17ef27d3
Software engineering Internship (remote),Harbor Landscapes,"Los Angeles, Los Angeles County",IT Jobs,2024-02-06T18:32:43Z,"We are seeking a motivated and talented Software Engineering Intern to join our team. As a Software Engineering Intern, you will have the opportunity to work closely with our development team on various projects, gaining hands-on experience in software design, development, and testing. This internship offers a unique chance to apply your academic knowledge to real-world challenges while learning from experienced professionals in the field. Key Responsibilities: Collaborate with team members to …",https://www.adzuna.com/details/4560541985?utm_medium=api&utm_source=17ef27d3
Software Engineer Virtual Internship,Robert Half,"San Ramon, Contra Costa County",IT Jobs,2025-02-16T09:09:22Z,"Do you have a passion for cloud computing and front-end development using the latest modern frameworks? An innate curiosity for learning new?technology??A desire to be productive with it from Day One? Then?the? Robert Half Software Engineer Virtual?Internship is what you're looking for.? This internship will support our Protiviti Shared Services team. Robert Half?is?a cloud-first organization and wants you to jump right into?a variety of?projects involving Python, .Net Core, Azure and Amazon cl…",https://www.adzuna.com/details/5052381432?utm_medium=api&utm_source=17ef27d3
Production Manufacturing Engineering Internship,N/A,"Los Angeles, Los Angeles County",Engineering Jobs,2025-04-01T16:01:19Z,"Company Machina Labs, founded in 2019 by aerospace and auto industry veterans, is a smart manufacturing company based in Los Angeles, California. Enabled by advancements in artificial intelligence and robotics, Machina Labs is developing software-defined factories of the future. The mission of the company is to develop modular manufacturing solutions that can be reconfigured to manufacture new products simply by changing the software. The company is currently working to build the first commerci…",https://www.adzuna.com/details/5122748663?utm_medium=api&utm_source=17ef27d3
Backend Software Engineer - Internship,Kargo,"San Francisco, California",IT Jobs,2024-11-03T07:12:30Z,"At Kargo, our mission is to build a connective tissue between the physical world of freight and the digital ecosystem used to manage it. We believe that advancements in smart infrastructure are critical to enabling a safer and more efficient future for logistics. Our loading dock sensor platform verifies all incoming and outgoing freight, aggregating data that enables shippers and carriers to efficiently manage dock operations, switch out suppliers and understand material flow in real time. We …",https://www.adzuna.com/details/4924447377?utm_medium=api&utm_source=17ef27d3
Live Sales Production Internship,Dolls Kill,"Oakland, Alameda County",Retail Jobs,2025-02-07T12:54:26Z,"Dolls Kill is a global fashion brand that empowers everyone to celebrate their individuality. We currently have over 10 million social media followers including some of the most influential personalities in music, art, pop culture and fashion. We’re also backed by strong consumer-focused investors who share in our vision of building one of the world’s next great consumer brands. Our team is growing quickly and we are hiring across many functions. We are looking for team members who are equally …",https://www.adzuna.com/details/5041681128?utm_medium=api&utm_source=17ef27d3
Product Internship (Summer 2025),Worldly,"Concord, Contra Costa County",IT Jobs,2025-02-10T15:27:38Z,"Product Internship (Summer 2025) Location: US - Remote About Worldly Worldly is the world’s most comprehensive impact intelligence platform — delivering real data to businesses on impacts within their supply chain. Worldly is trusted by 40,000 global brands, retailers, and manufacturers to provide the single source of ESG intelligence they need to accelerate business and industry transformation. Through strategic and meaningful customer relationships, Worldly provides key insights around suppli…",https://www.adzuna.com/details/5044925843?utm_medium=api&utm_source=17ef27d3
Internship - Product Marketing/Management,Infineon Technologies,"San Jose, Santa Clara County","PR, Advertising & Marketing Jobs",2025-04-02T15:23:24Z,"Are you looking to gain Internship experience in a dynamic organization and want to be part of something exciting and unique? If you are ready to be part of the digital revolution that is shaping our world then please join us. AmericasInterns Job description: In your new role you will: Contribute to content creation and collateral material for PSOC™ Edge, including press releases , product briefs, whitepapers, blog posts, and presentations. Support the market analysis and competitive positionin…",https://www.adzuna.com/details/5124949926?utm_medium=api&utm_source=17ef27d3
